case,split,language,kind,method,recall,complete,precision,schemaTokens,selectedCount,extra
d01,development,en,direct,bm25_2000,1,true,0.1,1999,10,9
d01,development,en,direct,bm25_5000,1,true,0.09090909090909091,4963,11,10
d01,development,en,direct,jev_0.75,1,true,0.3333333333333333,462,3,2
d01,development,en,direct,jev_2000,1,true,0.14285714285714285,1963,7,6
d01,development,en,direct,jev_5000,1,true,0.043478260869565216,4960,23,22
d02,development,en,direct,bm25_2000,0,false,0,1935,5,5
d02,development,en,direct,bm25_5000,1,true,0.125,4965,8,7
d02,development,en,direct,jev_0.75,1,true,0.5,733,2,1
d02,development,en,direct,jev_2000,1,true,0.16666666666666666,1983,6,5
d02,development,en,direct,jev_5000,1,true,0.043478260869565216,4988,23,22
d03,development,en,direct,bm25_2000,1,true,0.08333333333333333,1984,12,11
d03,development,en,direct,bm25_5000,1,true,0.047619047619047616,4991,21,20
d03,development,en,direct,jev_0.75,1,true,1,92,1,0
d03,development,en,direct,jev_2000,1,true,0.125,1997,8,7
d03,development,en,direct,jev_5000,1,true,0.09090909090909091,4937,11,10
d04,development,en,direct,bm25_2000,0,false,0,1973,6,6
d04,development,en,direct,bm25_5000,0,false,0,4934,11,11
d04,development,en,direct,jev_0.75,1,true,0.3333333333333333,3004,3,2
d04,development,en,direct,jev_2000,0,false,0,1972,6,6
d04,development,en,direct,jev_5000,1,true,0.125,4958,8,7
d05,development,en,ambiguous,bm25_2000,1,true,0.1111111111111111,1999,9,8
d05,development,en,ambiguous,bm25_5000,1,true,0.047619047619047616,4962,21,20
d05,development,en,ambiguous,jev_0.75,1,true,0.16666666666666666,1406,6,5
d05,development,en,ambiguous,jev_2000,1,true,0.125,1963,8,7
d05,development,en,ambiguous,jev_5000,1,true,0.045454545454545456,4991,22,21
d06,development,en,multiple,bm25_2000,0,false,0,1990,8,8
d06,development,en,multiple,bm25_5000,0.5,false,0.05555555555555555,4979,18,17
d06,development,en,multiple,jev_0.75,1,true,0.6666666666666666,829,3,1
d06,development,en,multiple,jev_2000,1,true,0.2857142857142857,1914,7,5
d06,development,en,multiple,jev_5000,1,true,0.09523809523809523,4945,21,19
d07,development,en,none,bm25_2000,0,false,0,1999,7,7
d07,development,en,none,bm25_5000,0,false,0,4989,15,15
d07,development,en,none,jev_0.75,1,true,1,0,0,0
d07,development,en,none,jev_2000,0,false,0,1982,10,10
d07,development,en,none,jev_5000,0,false,0,4967,14,14
d08,development,en,none,bm25_2000,0,false,0,1974,11,11
d08,development,en,none,bm25_5000,0,false,0,4927,18,18
d08,development,en,none,jev_0.75,1,true,1,0,0,0
d08,development,en,none,jev_2000,0,false,0,1966,9,9
d08,development,en,none,jev_5000,0,false,0,4995,11,11
d09,development,fr,direct,bm25_2000,1,true,0.25,1976,4,3
d09,development,fr,direct,bm25_5000,1,true,0.047619047619047616,4997,21,20
d09,development,fr,direct,jev_0.75,1,true,1,828,1,0
d09,development,fr,direct,jev_2000,1,true,0.14285714285714285,1931,7,6
d09,development,fr,direct,jev_5000,1,true,0.043478260869565216,4985,23,22
d10,development,fr,ambiguous,bm25_2000,0,false,0,1998,8,8
d10,development,fr,ambiguous,bm25_5000,1,true,0.043478260869565216,4955,23,22
d10,development,fr,ambiguous,jev_0.75,1,true,1,117,1,0
d10,development,fr,ambiguous,jev_2000,1,true,0.14285714285714285,1991,7,6
d10,development,fr,ambiguous,jev_5000,1,true,0.1,4977,10,9
h01,held_out,en,direct,bm25_2000,0,false,0,1955,6,6
h01,held_out,en,direct,bm25_5000,0,false,0,4970,13,13
h01,held_out,en,direct,jev_0.75,1,true,0.25,1191,4,3
h01,held_out,en,direct,jev_2000,1,true,0.14285714285714285,1938,7,6
h01,held_out,en,direct,jev_5000,1,true,0.047619047619047616,4988,21,20
h02,held_out,en,direct,bm25_2000,1,true,0.25,1931,8,6
h02,held_out,en,direct,bm25_5000,1,true,0.1111111111111111,4974,18,16
h02,held_out,en,direct,jev_0.75,1,true,0.3333333333333333,1341,6,4
h02,held_out,en,direct,jev_2000,1,true,0.2,1993,10,8
h02,held_out,en,direct,jev_5000,1,true,0.09090909090909091,4928,22,20
h03,held_out,en,direct,bm25_2000,1,true,0.1111111111111111,1967,9,8
h03,held_out,en,direct,bm25_5000,1,true,0.05,4921,20,19
h03,held_out,en,direct,jev_0.75,1,true,1,219,1,0
h03,held_out,en,direct,jev_2000,1,true,0.1111111111111111,1963,9,8
h03,held_out,en,direct,jev_5000,1,true,0.045454545454545456,4952,22,21
h04,held_out,en,direct,bm25_2000,1,true,0.14285714285714285,1995,7,6
h04,held_out,en,direct,bm25_5000,1,true,0.0625,4946,16,15
h04,held_out,en,direct,jev_0.75,1,true,0.5,816,2,1
h04,held_out,en,direct,jev_2000,1,true,0.16666666666666666,1996,6,5
h04,held_out,en,direct,jev_5000,1,true,0.047619047619047616,4929,21,20
h05,held_out,en,direct,bm25_2000,1,true,0.14285714285714285,1995,7,6
h05,held_out,en,direct,bm25_5000,1,true,0.06666666666666667,4933,15,14
h05,held_out,en,direct,jev_0.75,1,true,0.5,569,2,1
h05,held_out,en,direct,jev_2000,1,true,0.14285714285714285,1960,7,6
h05,held_out,en,direct,jev_5000,1,true,0.045454545454545456,4972,22,21
h06,held_out,en,direct,bm25_2000,1,true,0.1111111111111111,1982,9,8
h06,held_out,en,direct,bm25_5000,1,true,0.05555555555555555,4982,18,17
h06,held_out,en,direct,jev_0.75,1,true,0.5,539,2,1
h06,held_out,en,direct,jev_2000,1,true,0.125,1965,8,7
h06,held_out,en,direct,jev_5000,1,true,0.04,4996,25,24
h07,held_out,en,direct,bm25_2000,1,true,0.09090909090909091,1941,11,10
h07,held_out,en,direct,bm25_5000,1,true,0.045454545454545456,4987,22,21
h07,held_out,en,direct,jev_0.75,1,true,1,101,1,0
h07,held_out,en,direct,jev_2000,1,true,0.1111111111111111,1951,9,8
h07,held_out,en,direct,jev_5000,1,true,0.05555555555555555,4984,18,17
h08,held_out,en,direct,bm25_2000,1,true,0.125,1923,8,7
h08,held_out,en,direct,bm25_5000,1,true,0.05,4954,20,19
h08,held_out,en,direct,jev_0.75,1,true,1,459,1,0
h08,held_out,en,direct,jev_2000,1,true,0.1,1978,10,9
h08,held_out,en,direct,jev_5000,1,true,0.047619047619047616,4948,21,20
h09,held_out,en,direct,bm25_2000,1,true,0.14285714285714285,1999,7,6
h09,held_out,en,direct,bm25_5000,1,true,0.05555555555555555,4959,18,17
h09,held_out,en,direct,jev_0.75,1,true,0.5,343,2,1
h09,held_out,en,direct,jev_2000,1,true,0.09090909090909091,1960,11,10
h09,held_out,en,direct,jev_5000,1,true,0.043478260869565216,4938,23,22
h10,held_out,en,direct,bm25_2000,1,true,0.125,1985,8,7
h10,held_out,en,direct,bm25_5000,1,true,0.0625,4958,16,15
h10,held_out,en,direct,jev_0.75,1,true,1,209,1,0
h10,held_out,en,direct,jev_2000,1,true,0.125,1919,8,7
h10,held_out,en,direct,jev_5000,1,true,0.047619047619047616,4994,21,20
h11,held_out,en,direct,bm25_2000,1,true,0.14285714285714285,1965,7,6
h11,held_out,en,direct,bm25_5000,1,true,0.05263157894736842,4952,19,18
h11,held_out,en,direct,jev_0.75,1,true,1,152,1,0
h11,held_out,en,direct,jev_2000,1,true,0.125,1996,8,7
h11,held_out,en,direct,jev_5000,1,true,0.1111111111111111,4985,9,8
h12,held_out,en,direct,bm25_2000,1,true,0.08333333333333333,1995,12,11
h12,held_out,en,direct,bm25_5000,1,true,0.047619047619047616,4994,21,20
h12,held_out,en,direct,jev_0.75,1,true,1,165,1,0
h12,held_out,en,direct,jev_2000,1,true,0.125,1997,8,7
h12,held_out,en,direct,jev_5000,1,true,0.045454545454545456,4991,22,21
h13,held_out,en,direct,bm25_2000,1,true,0.1,1985,10,9
h13,held_out,en,direct,bm25_5000,1,true,0.05555555555555555,4999,18,17
h13,held_out,en,direct,jev_0.75,1,true,1,202,1,0
h13,held_out,en,direct,jev_2000,1,true,0.09090909090909091,1962,11,10
h13,held_out,en,direct,jev_5000,1,true,0.07142857142857142,4952,14,13
h14,held_out,en,direct,bm25_2000,1,true,0.1111111111111111,1997,9,8
h14,held_out,en,direct,bm25_5000,1,true,0.05555555555555555,4914,18,17
h14,held_out,en,direct,jev_0.75,1,true,1,366,1,0
h14,held_out,en,direct,jev_2000,1,true,0.1111111111111111,1989,9,8
h14,held_out,en,direct,jev_5000,1,true,0.05,4938,20,19
h15,held_out,en,direct,bm25_2000,1,true,0.14285714285714285,1994,7,6
h15,held_out,en,direct,bm25_5000,1,true,0.06666666666666667,4938,15,14
h15,held_out,en,direct,jev_0.75,1,true,0.2,4400,5,4
h15,held_out,en,direct,jev_2000,1,true,0.2,1941,5,4
h15,held_out,en,direct,jev_5000,1,true,0.125,4999,8,7
h16,held_out,en,direct,bm25_2000,1,true,0.16666666666666666,1999,6,5
h16,held_out,en,direct,bm25_5000,1,true,0.14285714285714285,4956,7,6
h16,held_out,en,direct,jev_0.75,1,true,0.25,1780,4,3
h16,held_out,en,direct,jev_2000,1,true,0.2,1945,5,4
h16,held_out,en,direct,jev_5000,1,true,0.09090909090909091,4994,11,10
h17,held_out,en,ambiguous,bm25_2000,1,true,0.125,1996,8,7
h17,held_out,en,ambiguous,bm25_5000,1,true,0.0625,4984,16,15
h17,held_out,en,ambiguous,jev_0.75,1,true,0.6666666666666666,788,3,1
h17,held_out,en,ambiguous,jev_2000,1,true,0.25,2000,8,6
h17,held_out,en,ambiguous,jev_5000,1,true,0.09090909090909091,4980,22,20
h18,held_out,en,ambiguous,bm25_2000,1,true,0.16666666666666666,1937,6,5
h18,held_out,en,ambiguous,bm25_5000,1,true,0.07692307692307693,4959,13,12
h18,held_out,en,ambiguous,jev_0.75,1,true,1,544,1,0
h18,held_out,en,ambiguous,jev_2000,1,true,0.1111111111111111,1964,9,8
h18,held_out,en,ambiguous,jev_5000,1,true,0.05263157894736842,4955,19,18
h19,held_out,en,ambiguous,bm25_2000,1,true,0.25,1989,4,3
h19,held_out,en,ambiguous,bm25_5000,1,true,0.07692307692307693,4971,13,12
h19,held_out,en,ambiguous,jev_0.75,1,true,0.3333333333333333,1361,3,2
h19,held_out,en,ambiguous,jev_2000,1,true,0.14285714285714285,1995,7,6
h19,held_out,en,ambiguous,jev_5000,1,true,0.05555555555555555,4991,18,17
h20,held_out,en,ambiguous,bm25_2000,0,false,0,1932,9,9
h20,held_out,en,ambiguous,bm25_5000,1,true,0.14285714285714285,4988,21,18
h20,held_out,en,ambiguous,jev_0.75,1,true,1,151,1,0
h20,held_out,en,ambiguous,jev_2000,1,true,0.2727272727272727,1968,11,8
h20,held_out,en,ambiguous,jev_5000,1,true,0.125,4980,24,21
h21,held_out,en,multiple,bm25_2000,0.3333333333333333,false,0.1111111111111111,1913,9,8
h21,held_out,en,multiple,bm25_5000,0.3333333333333333,false,0.09090909090909091,4990,11,10
h21,held_out,en,multiple,jev_0.75,1,true,0.625,1760,8,3
h21,held_out,en,multiple,jev_2000,1,true,0.5555555555555556,1920,9,4
h21,held_out,en,multiple,jev_5000,1,true,0.23809523809523808,4955,21,16
h22,held_out,en,multiple,bm25_2000,1,true,0.2222222222222222,1965,9,7
h22,held_out,en,multiple,bm25_5000,1,true,0.15384615384615385,5000,13,11
h22,held_out,en,multiple,jev_0.75,1,true,0.4,894,5,3
h22,held_out,en,multiple,jev_2000,1,true,0.2,1931,10,8
h22,held_out,en,multiple,jev_5000,1,true,0.1111111111111111,4994,18,16
h23,held_out,en,multiple,bm25_2000,0,false,0,1949,4,4
h23,held_out,en,multiple,bm25_5000,1,true,0.13333333333333333,4978,15,13
h23,held_out,en,multiple,jev_0.75,1,true,0.6666666666666666,855,3,1
h23,held_out,en,multiple,jev_2000,1,true,0.25,1993,8,6
h23,held_out,en,multiple,jev_5000,1,true,0.09090909090909091,4967,22,20
h24,held_out,en,multiple,bm25_2000,0.5,false,0.16666666666666666,1999,6,5
h24,held_out,en,multiple,bm25_5000,0.5,false,0.08333333333333333,4983,12,11
h24,held_out,en,multiple,jev_0.75,0,false,0,0,0,0
h24,held_out,en,multiple,jev_2000,0.5,false,0.14285714285714285,1974,7,6
h24,held_out,en,multiple,jev_5000,1,true,0.18181818181818182,4918,11,9
h25,held_out,en,none,bm25_2000,0,false,0,1980,12,12
h25,held_out,en,none,bm25_5000,0,false,0,4990,25,25
h25,held_out,en,none,jev_0.75,1,true,1,0,0,0
h25,held_out,en,none,jev_2000,0,false,0,1944,10,10
h25,held_out,en,none,jev_5000,0,false,0,4931,19,19
h26,held_out,en,none,bm25_2000,0,false,0,1959,9,9
h26,held_out,en,none,bm25_5000,0,false,0,4948,10,10
h26,held_out,en,none,jev_0.75,1,true,1,0,0,0
h26,held_out,en,none,jev_2000,0,false,0,1919,10,10
h26,held_out,en,none,jev_5000,0,false,0,4921,21,21
h27,held_out,en,none,bm25_2000,0,false,0,1966,6,6
h27,held_out,en,none,bm25_5000,0,false,0,4920,10,10
h27,held_out,en,none,jev_0.75,1,true,1,0,0,0
h27,held_out,en,none,jev_2000,0,false,0,1981,10,10
h27,held_out,en,none,jev_5000,0,false,0,4991,22,22
h28,held_out,en,none,bm25_2000,0,false,0,1966,7,7
h28,held_out,en,none,bm25_5000,0,false,0,4999,15,15
h28,held_out,en,none,jev_0.75,1,true,1,0,0,0
h28,held_out,en,none,jev_2000,0,false,0,1984,7,7
h28,held_out,en,none,jev_5000,0,false,0,4995,18,18
h29,held_out,fr,direct,bm25_2000,0,false,0,1922,4,4
h29,held_out,fr,direct,bm25_5000,1,true,0.07142857142857142,4998,14,13
h29,held_out,fr,direct,jev_0.75,1,true,0.3333333333333333,861,3,2
h29,held_out,fr,direct,jev_2000,1,true,0.16666666666666666,1981,6,5
h29,held_out,fr,direct,jev_5000,1,true,0.045454545454545456,4945,22,21
h30,held_out,fr,direct,bm25_2000,1,true,0.1111111111111111,1923,9,8
h30,held_out,fr,direct,bm25_5000,1,true,0.058823529411764705,4969,17,16
h30,held_out,fr,direct,jev_0.75,1,true,0.3333333333333333,838,3,2
h30,held_out,fr,direct,jev_2000,1,true,0.14285714285714285,1922,7,6
h30,held_out,fr,direct,jev_5000,1,true,0.043478260869565216,4995,23,22
h31,held_out,fr,direct,bm25_2000,0,false,0,1970,10,10
h31,held_out,fr,direct,bm25_5000,0,false,0,4939,18,18
h31,held_out,fr,direct,jev_0.75,1,true,1,188,1,0
h31,held_out,fr,direct,jev_2000,1,true,0.09090909090909091,1998,11,10
h31,held_out,fr,direct,jev_5000,1,true,0.047619047619047616,4933,21,20
h32,held_out,fr,direct,bm25_2000,1,true,0.07692307692307693,1984,13,12
h32,held_out,fr,direct,bm25_5000,1,true,0.034482758620689655,4994,29,28
h32,held_out,fr,direct,jev_0.75,1,true,1,160,1,0
h32,held_out,fr,direct,jev_2000,1,true,0.09090909090909091,1986,11,10
h32,held_out,fr,direct,jev_5000,1,true,0.047619047619047616,4951,21,20
h33,held_out,fr,direct,bm25_2000,1,true,0.07692307692307693,1994,13,12
h33,held_out,fr,direct,bm25_5000,1,true,0.03333333333333333,4978,30,29
h33,held_out,fr,direct,jev_0.75,1,true,1,92,1,0
h33,held_out,fr,direct,jev_2000,1,true,0.16666666666666666,1977,6,5
h33,held_out,fr,direct,jev_5000,1,true,0.2,4968,5,4
h34,held_out,fr,direct,bm25_2000,0,false,0,1937,7,7
h34,held_out,fr,direct,bm25_5000,0,false,0,4984,17,17
h34,held_out,fr,direct,jev_0.75,1,true,1,165,1,0
h34,held_out,fr,direct,jev_2000,1,true,0.125,1994,8,7
h34,held_out,fr,direct,jev_5000,1,true,0.043478260869565216,4946,23,22
h35,held_out,fr,ambiguous,bm25_2000,1,true,0.125,1942,8,7
h35,held_out,fr,ambiguous,bm25_5000,1,true,0.047619047619047616,4967,21,20
h35,held_out,fr,ambiguous,jev_0.75,1,true,1,195,1,0
h35,held_out,fr,ambiguous,jev_2000,1,true,0.1,1949,10,9
h35,held_out,fr,ambiguous,jev_5000,1,true,0.047619047619047616,4916,21,20
h36,held_out,fr,ambiguous,bm25_2000,1,true,0.2,1970,5,4
h36,held_out,fr,ambiguous,bm25_5000,1,true,0.08333333333333333,4975,12,11
h36,held_out,fr,ambiguous,jev_0.75,1,true,1,97,1,0
h36,held_out,fr,ambiguous,jev_2000,1,true,0.1,1971,10,9
h36,held_out,fr,ambiguous,jev_5000,1,true,0.05263157894736842,4947,19,18
h37,held_out,fr,multiple,bm25_2000,0,false,0,1997,12,12
h37,held_out,fr,multiple,bm25_5000,0,false,0,4948,27,27
h37,held_out,fr,multiple,jev_0.75,1,true,0.6666666666666666,829,3,1
h37,held_out,fr,multiple,jev_2000,1,true,0.2222222222222222,1987,9,7
h37,held_out,fr,multiple,jev_5000,1,true,0.09090909090909091,4986,22,20
h38,held_out,fr,multiple,bm25_2000,0,false,0,1981,10,10
h38,held_out,fr,multiple,bm25_5000,0.5,false,0.047619047619047616,4937,21,20
h38,held_out,fr,multiple,jev_0.75,1,true,0.5,1411,6,3
h38,held_out,fr,multiple,jev_2000,1,true,0.3333333333333333,1929,9,6
h38,held_out,fr,multiple,jev_5000,1,true,0.14285714285714285,4984,21,18
h39,held_out,fr,none,bm25_2000,0,false,0,1813,8,8
h39,held_out,fr,none,bm25_5000,0,false,0,4810,21,21
h39,held_out,fr,none,jev_0.75,1,true,1,0,0,0
h39,held_out,fr,none,jev_2000,0,false,0,1950,6,6
h39,held_out,fr,none,jev_5000,0,false,0,4924,13,13
h40,held_out,fr,none,bm25_2000,0,false,0,1980,5,5
h40,held_out,fr,none,bm25_5000,0,false,0,4900,15,15
h40,held_out,fr,none,jev_0.75,1,true,1,0,0,0
h40,held_out,fr,none,jev_2000,0,false,0,1932,7,7
h40,held_out,fr,none,jev_5000,0,false,0,4989,19,19
